{
    "rmse": 0.6648857988837747,
    "mae": 0.5303950354907302,
    "r2": 0.26195062305218864
}